{"4_layer": {"loss": [0.7345977425575256, 0.5562992691993713, 0.531042754650116, 0.5192808508872986, 0.5103371739387512, 0.5028825402259827, 0.49632999300956726, 0.49017971754074097, 0.4844442903995514, 0.4791208803653717, 0.4738480746746063, 0.4688427448272705, 0.46395888924598694, 0.45924025774002075, 0.4545440673828125, 0.4499867856502533, 0.4454280436038971, 0.4409635066986084, 0.43654903769493103, 0.4321858584880829, 0.42790359258651733, 0.4236615300178528, 0.41942957043647766, 0.41530242562294006, 0.4111804664134979, 0.40710943937301636, 0.40307551622390747, 0.3991328179836273, 0.3951528072357178, 0.3912423849105835, 0.3874398469924927, 0.3835802972316742, 0.3798050880432129, 0.37606528401374817, 0.37237557768821716, 0.36870867013931274, 0.3650864064693451, 0.36148181557655334, 0.357940137386322, 0.35443857312202454], "mse": [0.21771925687789917, 0.04411047697067261, 0.023949868977069855, 0.017329027876257896, 0.013469859026372433, 0.011070584878325462, 0.009458119980990887, 0.008210372179746628, 0.007312890142202377, 0.006770908832550049, 0.006213992368429899, 0.005883258301764727, 0.005618143826723099, 0.005465053953230381, 0.005296414718031883, 0.005209938623011112, 0.0050793918780982494, 0.005002429708838463, 0.004928444512188435, 0.004858172032982111, 0.004828670993447304, 0.004797657020390034, 0.004729283507913351, 0.004727672785520554, 0.004683572333306074, 0.00465618958696723, 0.00462513929232955, 0.004646433051675558, 0.004578942432999611, 0.004553074017167091, 0.004591383971273899, 0.004538086708635092, 0.004522711969912052, 0.004513145890086889, 0.004515158943831921, 0.004499220289289951, 0.004484927747398615, 0.004468980710953474, 0.0044705914333462715, 0.0044805193319916725], "val_loss": [0.5820022821426392, 0.5402593612670898, 0.5256084203720093, 0.5146158933639526, 0.5061538219451904, 0.49949559569358826, 0.49286773800849915, 0.4863645136356354, 0.4807850122451782, 0.47540509700775146, 0.4702431857585907, 0.46537575125694275, 0.46075665950775146, 0.4557124674320221, 0.4512801468372345, 0.446617990732193, 0.44223275780677795, 0.4376790523529053, 0.43338802456855774, 0.4290177822113037, 0.4246925115585327, 0.42048758268356323, 0.41642650961875916, 0.4122401773929596, 0.4081709384918213, 0.40414854884147644, 0.40013667941093445, 0.39624589681625366, 0.3923795819282532, 0.38841429352760315, 0.3846229910850525, 0.38082465529441833, 0.37713131308555603, 0.37338805198669434, 0.36973100900650024, 0.36611947417259216, 0.36254775524139404, 0.35900092124938965, 0.3555169403553009, 0.35200875997543335], "val_mse": [0.0674966424703598, 0.030747516080737114, 0.021238546818494797, 0.01537522953003645, 0.011981858871877193, 0.010295047424733639, 0.00860049668699503, 0.006974215153604746, 0.006195195950567722, 0.005560802295804024, 0.005094614811241627, 0.004867278505116701, 0.004836649633944035, 0.004345183726400137, 0.004402155987918377, 0.0041963947005569935, 0.0042151520028710365, 0.004023475106805563, 0.004045842681080103, 0.003950127400457859, 0.003856922499835491, 0.0038361421320587397, 0.003917491063475609, 0.0038324540946632624, 0.0038276922423392534, 0.0038255045656114817, 0.00379163958132267, 0.0038366501685231924, 0.003871944034472108, 0.003771189833059907, 0.003797658486291766, 0.003778982674703002, 0.0038311737589538097, 0.0037961641792207956, 0.003808841109275818, 0.003830305766314268, 0.0038618119433522224, 0.003875735914334655, 0.003916891757398844, 0.003897308139130473]}, "4_layer_dropout": {"loss": [0.751252293586731, 0.5473910570144653, 0.5246447920799255, 0.5133625864982605, 0.5067412853240967, 0.5023015737533569, 0.49168330430984497, 0.48538219928741455, 0.47784510254859924, 0.47126391530036926, 0.4697895348072052, 0.46197906136512756, 0.45935583114624023, 0.4534890055656433, 0.449988454580307, 0.4431312084197998, 0.44082117080688477, 0.43425360321998596, 0.4300045371055603, 0.42611807584762573, 0.4206016957759857, 0.41587015986442566, 0.4126758277416229, 0.4065666198730469, 0.4028579592704773, 0.3991784453392029, 0.3956127166748047, 0.3922279477119446, 0.38781484961509705, 0.383352130651474, 0.3802035450935364, 0.37519127130508423, 0.37265679240226746, 0.36857694387435913, 0.36464470624923706, 0.3608482778072357, 0.35749030113220215, 0.3544710874557495, 0.3513253927230835, 0.3462179899215698], "mse": [0.24848772585391998, 0.04927542805671692, 0.031492315232753754, 0.025323938578367233, 0.0237387977540493, 0.024311374872922897, 0.01856551319360733, 0.017121734097599983, 0.014355015940964222, 0.01252470351755619, 0.01569385640323162, 0.0124818729236722, 0.014417503960430622, 0.013052255846560001, 0.014034108258783817, 0.011604739353060722, 0.013685525394976139, 0.011437339708209038, 0.011443276889622211, 0.01179681345820427, 0.010458419099450111, 0.009862424805760384, 0.010757455602288246, 0.008689509704709053, 0.008976684883236885, 0.009238841943442822, 0.009586420841515064, 0.010073492303490639, 0.009503792971372604, 0.008831989020109177, 0.009443850256502628, 0.008129396475851536, 0.009266277775168419, 0.008830137550830841, 0.00849323533475399, 0.008258560672402382, 0.008444585837423801, 0.008960805833339691, 0.009271186776459217, 0.007584847509860992], "val_loss": [0.5576773881912231, 0.5142787098884583, 0.5040213465690613, 0.49595823884010315, 0.4897562265396118, 0.48340052366256714, 0.47773465514183044, 0.47207310795783997, 0.4668232202529907, 0.4619496166706085, 0.4573802053928375, 0.4526820480823517, 0.4476536810398102, 0.44317862391471863, 0.4380207061767578, 0.4337829351425171, 0.42944997549057007, 0.42516082525253296, 0.4206850528717041, 0.4164607524871826, 0.4120694696903229, 0.40802034735679626, 0.40398240089416504, 0.4001050293445587, 0.39618179202079773, 0.39219775795936584, 0.3883541524410248, 0.3845657706260681, 0.38051721453666687, 0.37665149569511414, 0.37296465039253235, 0.3691413998603821, 0.365634948015213, 0.3620224595069885, 0.3583998382091522, 0.35490381717681885, 0.3513728678226471, 0.3478452265262604, 0.34440550208091736, 0.3411647081375122], "val_mse": [0.057318415492773056, 0.01874309778213501, 0.013599563390016556, 0.010601540096104145, 0.009399937465786934, 0.00798607338219881, 0.007187154144048691, 0.006363779306411743, 0.005904620047658682, 0.005672041326761246, 0.005718891974538565, 0.005593753885477781, 0.005103391595184803, 0.0051222071051597595, 0.004420252982527018, 0.00459687877446413, 0.004615576472133398, 0.004598780069500208, 0.004400677978992462, 0.004359436687082052, 0.0041217440739274025, 0.00417899526655674, 0.004219761583954096, 0.004337996710091829, 0.00439617270603776, 0.0043294839560985565, 0.004381902981549501, 0.004453071393072605, 0.004227340687066317, 0.004124343395233154, 0.0041799419559538364, 0.004013749770820141, 0.004182208329439163, 0.00418454734608531, 0.004132896661758423, 0.004202657379209995, 0.004217994399368763, 0.004182849079370499, 0.004173668101429939, 0.004323149099946022]}, "5_layer": {"loss": [1.2325901985168457, 1.0277612209320068, 0.9990167617797852, 0.9848940968513489, 0.9731000065803528, 0.9624424576759338, 0.9523744583129883, 0.9425557851791382, 0.9329037070274353, 0.923494279384613, 0.9141489863395691, 0.9049795269966125, 0.8959195613861084, 0.8870208263397217, 0.8781636953353882, 0.8694632649421692, 0.8607953190803528, 0.8522523641586304, 0.8437942862510681, 0.835425853729248, 0.8271681070327759, 0.818993866443634, 0.8108586668968201, 0.8028717637062073, 0.7949253916740417, 0.7870643138885498, 0.7792772054672241, 0.7716153264045715, 0.7639545798301697, 0.7563987374305725, 0.7489822506904602, 0.7415494322776794, 0.7342296242713928, 0.7269896864891052, 0.7198259830474854, 0.7127230763435364, 0.7056989073753357, 0.6987231373786926, 0.6918516159057617, 0.6850522756576538],