{"4_layer": {"loss": [0.6860603094100952, 0.5391806364059448, 0.5191258192062378, 0.5068564414978027, 0.49704381823539734, 0.4884553551673889, 0.48068296909332275, 0.4733700454235077, 0.46647024154663086, 0.4597799479961395, 0.4532669484615326, 0.44688716530799866, 0.4406348466873169, 0.43452057242393494, 0.42847415804862976, 0.42256850004196167, 0.4166925251483917, 0.4109296500682831, 0.4052787125110626, 0.3996686041355133, 0.3941677510738373, 0.38874566555023193, 0.383388489484787, 0.37810832262039185, 0.37291309237480164, 0.3677767217159271, 0.3627435266971588, 0.3577452003955841, 0.35283735394477844, 0.34800246357917786, 0.3432345986366272, 0.33853840827941895, 0.3338947892189026, 0.32931026816368103, 0.3248022198677063, 0.32034072279930115, 0.3159632086753845, 0.3116209805011749, 0.30736982822418213, 0.3031715154647827], "mse": [0.17017154395580292, 0.030086582526564598, 0.01721157319843769, 0.012069744989275932, 0.009232093580067158, 0.007497939746826887, 0.006454202346503735, 0.005762665066868067, 0.005389950703829527, 0.00512324646115303, 0.004941090941429138, 0.0047996509820222855, 0.004693391267210245, 0.004641358274966478, 0.00456837797537446, 0.0045579830184578896, 0.004491813015192747, 0.0044554914347827435, 0.0044514453038573265, 0.004405757412314415, 0.004391991999000311, 0.004384907428175211, 0.004367706831544638, 0.0043508559465408325, 0.00434161676093936, 0.004322311840951443, 0.0043326085433363914, 0.004299557767808437, 0.0043083420023322105, 0.0043013799004256725, 0.004301422741264105, 0.004309257958084345, 0.004307442344725132, 0.004294810350984335, 0.004292049910873175, 0.004277474246919155, 0.004274776671081781, 0.004258312284946442, 0.004268568940460682, 0.004281323403120041]}, "4_layer_dropout": {"loss": [0.6991438865661621, 0.5314074754714966, 0.5118594765663147, 0.5038634538650513, 0.4927881062030792, 0.4803650379180908, 0.47571834921836853, 0.4676477015018463, 0.460394024848938, 0.45379918813705444, 0.44830477237701416, 0.4399150609970093, 0.43341264128685, 0.42692866921424866, 0.41919398307800293, 0.4159628748893738, 0.40834856033325195, 0.40274354815483093, 0.3983614146709442, 0.3912089765071869, 0.38673028349876404, 0.3803308308124542, 0.3775538504123688, 0.37085407972335815, 0.3656962811946869, 0.3611505329608917, 0.3549134135246277, 0.3498656749725342, 0.3450585901737213, 0.34034422039985657, 0.33593592047691345, 0.32957547903060913, 0.32524776458740234, 0.32224956154823303, 0.3169948160648346, 0.312575101852417, 0.30946314334869385, 0.30465206503868103, 0.30167460441589355, 0.29607632756233215], "mse": [0.19742387533187866, 0.03647293895483017, 0.024050123989582062, 0.023023147135972977, 0.01890525594353676, 0.013192813843488693, 0.015158486552536488, 0.013624553568661213, 0.012849614024162292, 0.012609784491360188, 0.01335213053971529, 0.011107837781310081, 0.010668588802218437, 0.010140740312635899, 0.008292927406728268, 0.010838514193892479, 0.00890908483415842, 0.0089170653373003, 0.010083307512104511, 0.008360491134226322, 0.009227283298969269, 0.00811816193163395, 0.010576460510492325, 0.009027688764035702, 0.008933257311582565, 0.009393703192472458, 0.008085556328296661, 0.00787331722676754, 0.007848110049962997, 0.007841693237423897, 0.008085954003036022, 0.00629260390996933, 0.006481758784502745, 0.007942203432321548, 0.007060409057885408, 0.006960316561162472, 0.00810050405561924, 0.007502551656216383, 0.008665725588798523, 0.007155487313866615]}, "5_layer": {"loss": [1.173844575881958, 1.0076967477798462, 0.9847599864006042, 0.9685412645339966, 0.9540480375289917, 0.9402248859405518, 0.9268446564674377, 0.91375333070755, 0.900978684425354, 0.888407289981842, 0.8760347366333008, 0.8638432025909424, 0.8518523573875427, 0.8400679230690002, 0.8284273147583008, 0.8169999122619629, 0.8056766390800476, 0.7945420145988464, 0.7835893034934998, 0.7727518677711487, 0.7620924115180969, 0.751582145690918, 0.7412111759185791, 0.730982780456543, 0.7209089994430542, 0.7109690308570862, 0.7011904716491699, 0.691522479057312, 0.6820031404495239, 0.6726230978965759, 0.6633771061897278, 0.6542629599571228, 0.6452578902244568, 0.6363809704780579, 0.6276374459266663, 0.6189994215965271, 0.6105068922042847, 0.602102518081665, 0.5938469171524048, 0.5857016444206238], "mse": [0.17275166511535645, 0.0198191050440073, 0.010437949560582638, 0.007705609314143658, 0.0065362765453755856, 0.005878581199795008, 0.005470274947583675, 0.005174065008759499, 0.0050283982418477535, 0.0048950654454529285, 0.004792028106749058, 0.004698745906352997, 0.004626475274562836, 0.004599197767674923, 0.004545642528682947, 0.004554274026304483, 0.004503808915615082, 0.004483317490667105, 0.004489270504564047, 0.004452124238014221, 0.004443176090717316, 0.00444087153300643, 0.004436098039150238, 0.004426888655871153, 0.004423011559993029, 0.004414292983710766, 0.004427621141076088, 0.004400783684104681, 0.004417005460709333, 0.004413921851664782, 0.004421120975166559, 0.004434575792402029, 0.004436995834112167, 0.004433398135006428, 0.004434642847627401, 0.004425548017024994, 0.004426384344696999, 0.004410860128700733, 0.004424563609063625, 0.004445961676537991]}, "5_layer_dropout": {"loss": [1.2581263780593872, 1.0260653495788574, 1.003446102142334, 0.9842425584793091, 0.9716261625289917, 0.9562140107154846, 0.9424804449081421, 0.9299028515815735, 0.9153421521186829, 0.9033963680267334, 0.889218807220459, 0.879633903503418, 0.8632004857063293, 0.8516141176223755, 0.8403001427650452, 0.828130304813385, 0.8169048428535461, 0.8041865825653076, 0.7933364510536194, 0.7834243774414062, 0.772633969783783, 0.7615851163864136, 0.7505197525024414, 0.7400778532028198, 0.7286564707756042, 0.71974778175354, 0.7094444036483765, 0.7010560035705566, 0.6903303265571594, 0.6805738806724548, 0.6724637150764465, 0.6621897220611572, 0.6534797549247742, 0.6444718241691589, 0.6354985237121582, 0.6273571848869324, 0.6183223128318787, 0.6100656986236572, 0.6015914678573608, 0.5935826897621155], "mse": [0.2465098798274994, 0.028575511649250984, 0.019963176921010017, 0.014725948683917522, 0.01577902026474476, 0.01385483704507351, 0.01335750799626112, 0.013752338476479053, 0.012106383219361305, 0.012837524525821209, 0.011129203252494335, 0.01383406575769186, 0.009514354169368744, 0.009847492910921574, 0.010276143439114094, 0.009679785929620266, 0.009845170192420483, 0.008338602259755135, 0.008554910309612751, 0.00954977236688137, 0.009523160755634308, 0.009124062955379486, 0.00852048397064209, 0.008408729918301105, 0.007146523799747229, 0.008266457356512547, 0.007821520790457726, 0.009164675138890743, 0.00804304052144289, 0.007747667841613293, 0.008987153880298138, 0.007895059883594513, 0.008234245702624321, 0.008157837204635143, 0.007999096997082233, 0.008555997163057327, 0.008074364624917507, 0.00824800506234169, 0.00808816310018301, 0.008297336287796497]}}