{"f1_f2_f3_f4_f5_f6_f7_baseline": {"most_redundant_feature": "None", "lowest_mse": 0.0032243337482213974, "corresponding_loss": 0.005084874574095011}, "f1_f2_f3_f4_f5_f6_f7": {"most_redundant_feature": "f4", "lowest_mse": 0.003191093448549509, "corresponding_loss": 0.005120051559060812}, "f1_f2_f3_f5_f6_f7": {"most_redundant_feature": "f2", "lowest_mse": 0.0032013177406042814, "corresponding_loss": 0.0048890975303947926}, "f1_f3_f5_f6_f7": {"most_redundant_feature": "f1", "lowest_mse": 0.003451753407716751, "corresponding_loss": 0.004798648413270712}, "f3_f5_f6_f7": {"most_redundant_feature": "f5", "lowest_mse": 0.0037261336110532284, "corresponding_loss": 0.005160422995686531}, "f3_f6_f7": {"most_redundant_feature": "f7", "lowest_mse": 0.004031957592815161, "corresponding_loss": 0.00466249929741025}, "f3_f6": {"most_redundant_feature": "f3", "lowest_mse": 0.004518250003457069, "corresponding_loss": 0.008966663852334023}}